from,to,weight
convai_agent_1,convai_agent_267,
convai_agent_2,convai_agent_246,
convai_agent_3,convai_agent_246,
convai_agent_4,convai_agent_243,
convai_agent_4,convai_agent_853,
convai_agent_5,convai_agent_161,
convai_agent_5,convai_agent_920,
convai_agent_5,convai_agent_966,
convai_agent_6,convai_agent_109,
convai_agent_6,convai_agent_181,
convai_agent_7,convai_agent_778,
convai_agent_7,convai_agent_1014,
convai_agent_8,convai_agent_139,
convai_agent_8,convai_agent_776,
convai_agent_9,convai_agent_267,
convai_agent_10,convai_agent_267,
convai_agent_11,convai_agent_243,
convai_agent_11,convai_agent_246,
convai_agent_11,convai_agent_247,
convai_agent_12,convai_agent_161,
convai_agent_12,convai_agent_920,
convai_agent_13,convai_agent_920,
convai_agent_14,convai_agent_246,
convai_agent_15,convai_agent_916,
convai_agent_16,convai_agent_72,
convai_agent_16,convai_agent_246,
convai_agent_16,convai_agent_558,
convai_agent_17,convai_agent_246,
convai_agent_17,convai_agent_763,
convai_agent_17,convai_agent_946,
convai_agent_18,convai_agent_161,
convai_agent_19,convai_agent_267,
convai_agent_20,convai_agent_267,
convai_agent_21,convai_agent_246,
convai_agent_22,convai_agent_267,
convai_agent_23,convai_agent_267,
convai_agent_24,convai_agent_246,
convai_agent_25,convai_agent_94,
convai_agent_25,convai_agent_262,
convai_agent_26,convai_agent_267,
convai_agent_27,convai_agent_267,
convai_agent_28,convai_agent_267,
convai_agent_29,convai_agent_246,
convai_agent_30,convai_agent_246,
convai_agent_30,convai_agent_458,
convai_agent_31,convai_agent_267,
convai_agent_32,convai_agent_267,
convai_agent_33,convai_agent_246,
convai_agent_34,convai_agent_246,
convai_agent_35,convai_agent_246,
convai_agent_36,convai_agent_267,
convai_agent_37,convai_agent_94,
convai_agent_38,convai_agent_72,
convai_agent_38,convai_agent_246,
convai_agent_38,convai_agent_986,
convai_agent_39,convai_agent_246,
convai_agent_40,convai_agent_246,
convai_agent_41,convai_agent_267,
convai_agent_42,convai_agent_438,
convai_agent_43,convai_agent_267,
convai_agent_43,convai_agent_597,
convai_agent_44,convai_agent_61,
convai_agent_45,convai_agent_68,
convai_agent_45,convai_agent_216,
convai_agent_45,convai_agent_297,
convai_agent_45,convai_agent_598,
convai_agent_45,convai_agent_929,
convai_agent_46,convai_agent_250,
convai_agent_46,convai_agent_920,
convai_agent_47,convai_agent_207,
convai_agent_48,convai_agent_246,
convai_agent_48,convai_agent_310,
convai_agent_48,convai_agent_317,
convai_agent_48,convai_agent_954,
convai_agent_49,convai_agent_244,
convai_agent_49,convai_agent_267,
convai_agent_50,convai_agent_562,
convai_agent_51,convai_agent_267,
convai_agent_52,convai_agent_238,
convai_agent_52,convai_agent_702,
convai_agent_53,convai_agent_320,
convai_agent_54,convai_agent_246,
convai_agent_55,convai_agent_232,
convai_agent_55,convai_agent_246,
convai_agent_56,convai_agent_88,
convai_agent_56,convai_agent_912,
convai_agent_57,convai_agent_934,
convai_agent_58,convai_agent_267,
convai_agent_59,convai_agent_267,
convai_agent_60,convai_agent_273,
convai_agent_60,convai_agent_869,
convai_agent_60,convai_agent_905,
convai_agent_61,convai_agent_262,
convai_agent_62,convai_agent_161,
convai_agent_63,convai_agent_250,
convai_agent_64,convai_agent_98,
convai_agent_64,convai_agent_137,
convai_agent_64,convai_agent_868,
convai_agent_65,convai_agent_267,
convai_agent_66,convai_agent_246,
convai_agent_67,convai_agent_349,
convai_agent_68,convai_agent_45,
convai_agent_68,convai_agent_250,
convai_agent_68,convai_agent_560,
convai_agent_68,convai_agent_920,
convai_agent_69,convai_agent_250,
convai_agent_69,convai_agent_281,
convai_agent_70,convai_agent_267,
convai_agent_71,convai_agent_246,
convai_agent_72,convai_agent_246,
convai_agent_73,convai_agent_246,
convai_agent_74,convai_agent_97,
convai_agent_74,convai_agent_246,
convai_agent_75,convai_agent_267,
convai_agent_76,convai_agent_585,
convai_agent_77,convai_agent_267,
convai_agent_78,convai_agent_250,
convai_agent_78,convai_agent_281,
convai_agent_78,convai_agent_920,
convai_agent_79,convai_agent_246,
convai_agent_80,convai_agent_267,
convai_agent_81,convai_agent_250,
convai_agent_82,convai_agent_246,
convai_agent_83,convai_agent_246,
convai_agent_84,convai_agent_250,
convai_agent_84,convai_agent_920,
convai_agent_85,convai_agent_161,
convai_agent_85,convai_agent_250,
convai_agent_85,convai_agent_258,
convai_agent_85,convai_agent_281,
convai_agent_85,convai_agent_920,
convai_agent_86,convai_agent_246,
convai_agent_87,convai_agent_246,
convai_agent_88,convai_agent_56,
convai_agent_89,convai_agent_161,
convai_agent_90,convai_agent_137,
convai_agent_91,convai_agent_161,
convai_agent_91,convai_agent_850,
convai_agent_91,convai_agent_920,
convai_agent_92,convai_agent_267,
convai_agent_93,convai_agent_909,
convai_agent_94,convai_agent_262,
convai_agent_94,convai_agent_920,
convai_agent_95,convai_agent_267,
convai_agent_96,convai_agent_276,
convai_agent_97,convai_agent_74,
convai_agent_98,convai_agent_64,
convai_agent_98,convai_agent_137,
convai_agent_99,convai_agent_898,
convai_agent_100,convai_agent_250,
convai_agent_100,convai_agent_612,
convai_agent_101,convai_agent_246,
convai_agent_102,convai_agent_267,
convai_agent_103,convai_agent_267,
convai_agent_104,convai_agent_246,
convai_agent_105,convai_agent_310,
convai_agent_106,convai_agent_246,
convai_agent_107,convai_agent_246,
convai_agent_108,convai_agent_787,
convai_agent_108,convai_agent_912,
convai_agent_109,convai_agent_6,
convai_agent_109,convai_agent_231,
convai_agent_109,convai_agent_247,
convai_agent_109,convai_agent_250,
convai_agent_109,convai_agent_332,
convai_agent_109,convai_agent_439,
convai_agent_109,convai_agent_452,
convai_agent_109,convai_agent_620,
convai_agent_109,convai_agent_649,
convai_agent_109,convai_agent_869,
convai_agent_109,convai_agent_920,
convai_agent_109,convai_agent_1004,
convai_agent_110,convai_agent_111,
convai_agent_110,convai_agent_161,
convai_agent_110,convai_agent_250,
convai_agent_110,convai_agent_281,
convai_agent_110,convai_agent_920,
convai_agent_111,convai_agent_110,
convai_agent_111,convai_agent_161,
convai_agent_111,convai_agent_250,
convai_agent_111,convai_agent_267,
convai_agent_111,convai_agent_281,
convai_agent_111,convai_agent_920,
convai_agent_112,convai_agent_250,
convai_agent_112,convai_agent_258,
convai_agent_112,convai_agent_281,
convai_agent_113,convai_agent_986,
convai_agent_114,convai_agent_246,
convai_agent_114,convai_agent_1032,
convai_agent_115,convai_agent_246,
convai_agent_115,convai_agent_893,
convai_agent_115,convai_agent_1005,
convai_agent_116,convai_agent_250,
convai_agent_116,convai_agent_267,
convai_agent_117,convai_agent_246,
convai_agent_117,convai_agent_283,
convai_agent_117,convai_agent_304,
convai_agent_117,convai_agent_913,
convai_agent_118,convai_agent_262,
convai_agent_119,convai_agent_161,
convai_agent_119,convai_agent_250,
convai_agent_119,convai_agent_920,
convai_agent_120,convai_agent_250,
convai_agent_120,convai_agent_435,
convai_agent_120,convai_agent_856,
convai_agent_120,convai_agent_920,
convai_agent_121,convai_agent_409,
convai_agent_122,convai_agent_170,
convai_agent_122,convai_agent_187,
convai_agent_122,convai_agent_250,
convai_agent_122,convai_agent_633,
convai_agent_123,convai_agent_246,
convai_agent_124,convai_agent_267,
convai_agent_125,convai_agent_246,
convai_agent_125,convai_agent_329,
convai_agent_126,convai_agent_161,
convai_agent_126,convai_agent_250,
convai_agent_126,convai_agent_598,
convai_agent_126,convai_agent_737,
convai_agent_126,convai_agent_920,
convai_agent_127,convai_agent_246,
convai_agent_128,convai_agent_246,
convai_agent_129,convai_agent_216,
convai_agent_130,convai_agent_245,
convai_agent_131,convai_agent_267,
convai_agent_132,convai_agent_250,
convai_agent_133,convai_agent_975,
convai_agent_134,convai_agent_246,
convai_agent_135,convai_agent_246,
convai_agent_136,convai_agent_394,
convai_agent_137,convai_agent_98,
convai_agent_138,convai_agent_767,
convai_agent_139,convai_agent_8,
convai_agent_140,convai_agent_246,
convai_agent_141,convai_agent_267,
convai_agent_142,convai_agent_246,
convai_agent_143,convai_agent_267,
convai_agent_144,convai_agent_246,
convai_agent_145,convai_agent_161,
convai_agent_145,convai_agent_250,
convai_agent_145,convai_agent_258,
convai_agent_145,convai_agent_920,
convai_agent_146,convai_agent_865,
convai_agent_147,convai_agent_920,
convai_agent_148,convai_agent_920,
convai_agent_149,convai_agent_250,
convai_agent_150,convai_agent_585,
convai_agent_151,convai_agent_246,
convai_agent_152,convai_agent_214,
convai_agent_152,convai_agent_267,
convai_agent_153,convai_agent_246,
convai_agent_154,convai_agent_246,
convai_agent_155,convai_agent_246,
convai_agent_156,convai_agent_246,
convai_agent_157,convai_agent_518,
convai_agent_158,convai_agent_585,
convai_agent_159,convai_agent_161,
convai_agent_159,convai_agent_250,
convai_agent_159,convai_agent_281,
convai_agent_159,convai_agent_920,
convai_agent_160,convai_agent_267,
convai_agent_161,convai_agent_5,
convai_agent_161,convai_agent_18,
convai_agent_161,convai_agent_62,
convai_agent_161,convai_agent_85,
convai_agent_161,convai_agent_91,
convai_agent_161,convai_agent_119,
convai_agent_161,convai_agent_126,
convai_agent_161,convai_agent_145,
convai_agent_161,convai_agent_159,
convai_agent_161,convai_agent_167,
convai_agent_161,convai_agent_178,
convai_agent_161,convai_agent_245,
convai_agent_161,convai_agent_250,
convai_agent_161,convai_agent_258,
convai_agent_161,convai_agent_260,
convai_agent_161,convai_agent_262,
convai_agent_161,convai_agent_268,
convai_agent_161,convai_agent_281,
convai_agent_161,convai_agent_286,
convai_agent_161,convai_agent_303,
convai_agent_161,convai_agent_316,
convai_agent_161,convai_agent_321,
convai_agent_161,convai_agent_326,
convai_agent_161,convai_agent_342,
convai_agent_161,convai_agent_347,
convai_agent_161,convai_agent_361,
convai_agent_161,convai_agent_367,
convai_agent_161,convai_agent_369,
convai_agent_161,convai_agent_372,
convai_agent_161,convai_agent_382,
convai_agent_161,convai_agent_385,
convai_agent_161,convai_agent_389,
convai_agent_161,convai_agent_394,
convai_agent_161,convai_agent_411,
convai_agent_161,convai_agent_504,
convai_agent_161,convai_agent_505,
convai_agent_161,convai_agent_510,
convai_agent_161,convai_agent_561,
convai_agent_161,convai_agent_598,
convai_agent_161,convai_agent_616,
convai_agent_161,convai_agent_652,
convai_agent_161,convai_agent_678,
convai_agent_161,convai_agent_717,
convai_agent_161,convai_agent_721,
convai_agent_161,convai_agent_730,
convai_agent_161,convai_agent_737,
convai_agent_161,convai_agent_740,
convai_agent_161,convai_agent_745,
convai_agent_161,convai_agent_770,
convai_agent_161,convai_agent_836,
convai_agent_161,convai_agent_837,
convai_agent_161,convai_agent_850,
convai_agent_161,convai_agent_896,
convai_agent_161,convai_agent_900,
convai_agent_161,convai_agent_920,
convai_agent_161,convai_agent_934,
convai_agent_161,convai_agent_959,
convai_agent_161,convai_agent_972,
convai_agent_161,convai_agent_1000,
convai_agent_161,convai_agent_1028,
convai_agent_162,convai_agent_215,
convai_agent_162,convai_agent_946,
convai_agent_163,convai_agent_267,
convai_agent_164,convai_agent_929,
convai_agent_165,convai_agent_195,
convai_agent_165,convai_agent_246,
convai_agent_166,convai_agent_246,
convai_agent_167,convai_agent_250,
convai_agent_168,convai_agent_246,
convai_agent_169,convai_agent_920,
convai_agent_170,convai_agent_122,
convai_agent_170,convai_agent_245,
convai_agent_170,convai_agent_523,
convai_agent_171,convai_agent_267,
convai_agent_172,convai_agent_4,
convai_agent_172,convai_agent_246,
convai_agent_173,convai_agent_267,
convai_agent_174,convai_agent_679,
convai_agent_175,convai_agent_246,
convai_agent_175,convai_agent_1014,
convai_agent_176,convai_agent_246,
convai_agent_176,convai_agent_724,
convai_agent_177,convai_agent_246,
convai_agent_178,convai_agent_161,
convai_agent_179,convai_agent_267,
convai_agent_180,convai_agent_246,
convai_agent_180,convai_agent_250,
convai_agent_181,convai_agent_6,
convai_agent_181,convai_agent_766,
convai_agent_181,convai_agent_920,
convai_agent_182,convai_agent_868,
convai_agent_183,convai_agent_246,
convai_agent_184,convai_agent_317,
convai_agent_185,convai_agent_267,
convai_agent_186,convai_agent_585,
convai_agent_186,convai_agent_920,
convai_agent_187,convai_agent_122,
convai_agent_188,convai_agent_246,
convai_agent_189,convai_agent_262,
convai_agent_190,convai_agent_250,
convai_agent_191,convai_agent_267,
convai_agent_192,convai_agent_267,
convai_agent_193,convai_agent_225,
convai_agent_194,convai_agent_4,
convai_agent_194,convai_agent_245,
convai_agent_194,convai_agent_250,
convai_agent_194,convai_agent_920,
convai_agent_195,convai_agent_165,
convai_agent_195,convai_agent_233,
convai_agent_195,convai_agent_523,
convai_agent_195,convai_agent_920,
convai_agent_196,convai_agent_614,
convai_agent_196,convai_agent_737,
convai_agent_197,convai_agent_267,
convai_agent_198,convai_agent_267,
convai_agent_198,convai_agent_388,
convai_agent_199,convai_agent_262,
convai_agent_200,convai_agent_161,
convai_agent_201,convai_agent_246,
convai_agent_202,convai_agent_636,
convai_agent_202,convai_agent_646,
convai_agent_202,convai_agent_977,
convai_agent_203,convai_agent_246,
convai_agent_204,convai_agent_267,
convai_agent_205,convai_agent_267,
convai_agent_206,convai_agent_267,
convai_agent_207,convai_agent_267,
convai_agent_208,convai_agent_250,
convai_agent_208,convai_agent_504,
convai_agent_208,convai_agent_920,
convai_agent_209,convai_agent_641,
convai_agent_210,convai_agent_246,
convai_agent_210,convai_agent_645,
convai_agent_211,convai_agent_447,
convai_agent_212,convai_agent_250,
convai_agent_213,convai_agent_858,
convai_agent_213,convai_agent_920,
convai_agent_214,convai_agent_267,
convai_agent_215,convai_agent_162,
convai_agent_215,convai_agent_246,
convai_agent_215,convai_agent_250,
convai_agent_215,convai_agent_408,
convai_agent_215,convai_agent_527,
convai_agent_215,convai_agent_808,
convai_agent_215,convai_agent_911,
convai_agent_215,convai_agent_920,
convai_agent_216,convai_agent_129,
convai_agent_216,convai_agent_368,
convai_agent_217,convai_agent_444,
convai_agent_218,convai_agent_246,
convai_agent_219,convai_agent_272,
convai_agent_219,convai_agent_623,
convai_agent_219,convai_agent_910,
convai_agent_220,convai_agent_267,
convai_agent_221,convai_agent_246,
convai_agent_221,convai_agent_507,
convai_agent_221,convai_agent_855,
convai_agent_222,convai_agent_250,
convai_agent_222,convai_agent_664,
convai_agent_223,convai_agent_221,
convai_agent_224,convai_agent_94,
convai_agent_225,convai_agent_952,
convai_agent_226,convai_agent_267,
convai_agent_227,convai_agent_250,
convai_agent_228,convai_agent_161,
convai_agent_228,convai_agent_250,
convai_agent_228,convai_agent_267,
convai_agent_228,convai_agent_920,
convai_agent_229,convai_agent_267,
convai_agent_230,convai_agent_246,
convai_agent_230,convai_agent_247,
convai_agent_230,convai_agent_250,
convai_agent_230,convai_agent_920,
convai_agent_231,convai_agent_467,
convai_agent_231,convai_agent_946,
convai_agent_232,convai_agent_55,
convai_agent_233,convai_agent_195,
convai_agent_234,convai_agent_267,
convai_agent_235,convai_agent_1024,
convai_agent_236,convai_agent_585,
convai_agent_237,convai_agent_246,
convai_agent_238,convai_agent_52,
convai_agent_238,convai_agent_246,
convai_agent_238,convai_agent_562,
convai_agent_238,convai_agent_702,
convai_agent_238,convai_agent_920,
convai_agent_239,convai_agent_644,
convai_agent_239,convai_agent_830,
convai_agent_240,convai_agent_267,
convai_agent_241,convai_agent_267,
convai_agent_242,convai_agent_246,
convai_agent_242,convai_agent_920,
convai_agent_242,convai_agent_1004,
convai_agent_243,convai_agent_4,
convai_agent_243,convai_agent_671,
convai_agent_243,convai_agent_672,
convai_agent_243,convai_agent_786,
convai_agent_244,convai_agent_49,
convai_agent_244,convai_agent_791,
convai_agent_245,convai_agent_161,
convai_agent_245,convai_agent_170,
convai_agent_245,convai_agent_246,
convai_agent_245,convai_agent_247,
convai_agent_245,convai_agent_250,
convai_agent_245,convai_agent_271,
convai_agent_245,convai_agent_286,
convai_agent_245,convai_agent_435,
convai_agent_245,convai_agent_474,
convai_agent_245,convai_agent_505,
convai_agent_245,convai_agent_540,
convai_agent_245,convai_agent_717,
convai_agent_245,convai_agent_740,
convai_agent_245,convai_agent_914,
convai_agent_245,convai_agent_920,
convai_agent_245,convai_agent_1025,
convai_agent_246,convai_agent_48,
convai_agent_246,convai_agent_247,
convai_agent_247,convai_agent_109,
convai_agent_247,convai_agent_245,
convai_agent_247,convai_agent_246,
convai_agent_247,convai_agent_250,
convai_agent_248,convai_agent_267,
convai_agent_249,convai_agent_161,
convai_agent_249,convai_agent_250,
convai_agent_249,convai_agent_262,
convai_agent_249,convai_agent_920,
convai_agent_250,convai_agent_245,
convai_agent_250,convai_agent_247,
convai_agent_250,convai_agent_262,
convai_agent_250,convai_agent_281,
convai_agent_250,convai_agent_856,
convai_agent_250,convai_agent_920,
convai_agent_251,convai_agent_246,
convai_agent_252,convai_agent_642,
convai_agent_253,convai_agent_246,
convai_agent_254,convai_agent_267,
convai_agent_255,convai_agent_246,
convai_agent_256,convai_agent_246,
convai_agent_256,convai_agent_310,
convai_agent_256,convai_agent_749,
convai_agent_256,convai_agent_946,
convai_agent_256,convai_agent_1020,
convai_agent_257,convai_agent_246,
convai_agent_258,convai_agent_112,
convai_agent_258,convai_agent_145,
convai_agent_258,convai_agent_161,
convai_agent_258,convai_agent_281,
convai_agent_258,convai_agent_920,
convai_agent_259,convai_agent_267,
convai_agent_260,convai_agent_161,
convai_agent_260,convai_agent_652,
convai_agent_261,convai_agent_246,
convai_agent_262,convai_agent_250,
convai_agent_263,convai_agent_246,
convai_agent_264,convai_agent_920,
convai_agent_265,convai_agent_246,
convai_agent_266,convai_agent_171,
convai_agent_266,convai_agent_469,
convai_agent_266,convai_agent_592,
convai_agent_268,convai_agent_161,
convai_agent_268,convai_agent_245,
convai_agent_268,convai_agent_250,
convai_agent_268,convai_agent_281,
convai_agent_268,convai_agent_394,
convai_agent_268,convai_agent_920,
convai_agent_269,convai_agent_94,
convai_agent_269,convai_agent_262,
convai_agent_270,convai_agent_267,
convai_agent_271,convai_agent_245,
convai_agent_273,convai_agent_60,
convai_agent_274,convai_agent_313,
convai_agent_275,convai_agent_272,
convai_agent_276,convai_agent_96,
convai_agent_276,convai_agent_871,
convai_agent_277,convai_agent_267,
convai_agent_278,convai_agent_250,
convai_agent_278,convai_agent_267,
convai_agent_278,convai_agent_920,
convai_agent_279,convai_agent_267,
convai_agent_279,convai_agent_920,
convai_agent_280,convai_agent_246,
convai_agent_281,convai_agent_161,
convai_agent_281,convai_agent_247,
convai_agent_281,convai_agent_250,
convai_agent_281,convai_agent_652,
convai_agent_281,convai_agent_920,
convai_agent_281,convai_agent_1037,
convai_agent_282,convai_agent_267,
convai_agent_283,convai_agent_117,
convai_agent_284,convai_agent_272,
convai_agent_285,convai_agent_246,
convai_agent_286,convai_agent_161,
convai_agent_286,convai_agent_245,
convai_agent_286,convai_agent_250,
convai_agent_286,convai_agent_281,
convai_agent_286,convai_agent_505,
convai_agent_286,convai_agent_717,
convai_agent_286,convai_agent_920,
convai_agent_287,convai_agent_94,
convai_agent_287,convai_agent_262,
convai_agent_288,convai_agent_267,
convai_agent_289,convai_agent_162,
convai_agent_290,convai_agent_250,
convai_agent_291,convai_agent_267,
convai_agent_292,convai_agent_267,
convai_agent_293,convai_agent_641,
convai_agent_294,convai_agent_267,
convai_agent_295,convai_agent_246,
convai_agent_296,convai_agent_267,
convai_agent_297,convai_agent_45,
convai_agent_297,convai_agent_461,
convai_agent_297,convai_agent_929,
convai_agent_298,convai_agent_267,
convai_agent_299,convai_agent_250,
convai_agent_299,convai_agent_281,
convai_agent_300,convai_agent_4,
convai_agent_301,convai_agent_246,
convai_agent_301,convai_agent_642,
convai_agent_302,convai_agent_246,
convai_agent_303,convai_agent_161,
convai_agent_304,convai_agent_117,
convai_agent_305,convai_agent_267,
convai_agent_306,convai_agent_267,
convai_agent_307,convai_agent_246,
convai_agent_308,convai_agent_267,
convai_agent_308,convai_agent_277,
convai_agent_309,convai_agent_267,
convai_agent_310,convai_agent_48,
convai_agent_310,convai_agent_105,
convai_agent_310,convai_agent_246,
convai_agent_310,convai_agent_256,
convai_agent_310,convai_agent_327,
convai_agent_310,convai_agent_374,
convai_agent_310,convai_agent_446,
convai_agent_310,convai_agent_486,
convai_agent_310,convai_agent_562,
convai_agent_310,convai_agent_946,
convai_agent_311,convai_agent_317,
convai_agent_312,convai_agent_250,
convai_agent_313,convai_agent_267,
convai_agent_313,convai_agent_274,
convai_agent_313,convai_agent_614,
convai_agent_313,convai_agent_695,
convai_agent_313,convai_agent_791,
convai_agent_314,convai_agent_250,
convai_agent_315,convai_agent_246,
convai_agent_316,convai_agent_161,
convai_agent_317,convai_agent_48,
convai_agent_317,convai_agent_184,
convai_agent_317,convai_agent_311,
convai_agent_318,convai_agent_434,
convai_agent_319,convai_agent_246,
convai_agent_320,convai_agent_53,
convai_agent_320,convai_agent_246,
convai_agent_321,convai_agent_161,
convai_agent_321,convai_agent_400,
convai_agent_321,convai_agent_877,
convai_agent_321,convai_agent_920,
convai_agent_322,convai_agent_920,
convai_agent_323,convai_agent_768,
convai_agent_324,convai_agent_246,
convai_agent_325,convai_agent_267,
convai_agent_326,convai_agent_250,
convai_agent_327,convai_agent_310,
convai_agent_328,convai_agent_853,
convai_agent_329,convai_agent_125,
convai_agent_330,convai_agent_267,
convai_agent_331,convai_agent_246,
convai_agent_332,convai_agent_109,
convai_agent_333,convai_agent_267,
convai_agent_334,convai_agent_267,
convai_agent_335,convai_agent_267,
convai_agent_336,convai_agent_250,
convai_agent_337,convai_agent_258,
convai_agent_338,convai_agent_250,
convai_agent_339,convai_agent_805,
convai_agent_340,convai_agent_246,
convai_agent_341,convai_agent_246,
convai_agent_342,convai_agent_920,
convai_agent_343,convai_agent_246,
convai_agent_343,convai_agent_607,
convai_agent_343,convai_agent_861,
convai_agent_344,convai_agent_801,
convai_agent_345,convai_agent_246,
convai_agent_346,convai_agent_245,
convai_agent_347,convai_agent_161,
convai_agent_347,convai_agent_1023,
convai_agent_348,convai_agent_267,
convai_agent_349,convai_agent_67,
convai_agent_349,convai_agent_980,
convai_agent_350,convai_agent_267,
convai_agent_351,convai_agent_250,
convai_agent_351,convai_agent_920,
convai_agent_352,convai_agent_262,
convai_agent_353,convai_agent_250,
convai_agent_353,convai_agent_655,
convai_agent_354,convai_agent_267,
convai_agent_355,convai_agent_246,
convai_agent_356,convai_agent_250,
convai_agent_356,convai_agent_775,
convai_agent_356,convai_agent_920,
convai_agent_357,convai_agent_246,
convai_agent_358,convai_agent_267,
convai_agent_359,convai_agent_383,
convai_agent_359,convai_agent_916,
convai_agent_360,convai_agent_989,
convai_agent_361,convai_agent_161,
convai_agent_362,convai_agent_267,
convai_agent_363,convai_agent_267,
convai_agent_364,convai_agent_250,
convai_agent_365,convai_agent_250,
convai_agent_365,convai_agent_712,
convai_agent_366,convai_agent_246,
convai_agent_367,convai_agent_161,
convai_agent_367,convai_agent_920,
convai_agent_368,convai_agent_216,
convai_agent_368,convai_agent_267,
convai_agent_369,convai_agent_161,
convai_agent_369,convai_agent_250,
convai_agent_369,convai_agent_920,
convai_agent_370,convai_agent_250,
convai_agent_370,convai_agent_920,
convai_agent_371,convai_agent_267,
convai_agent_372,convai_agent_161,
convai_agent_372,convai_agent_250,
convai_agent_372,convai_agent_920,
convai_agent_373,convai_agent_161,
convai_agent_373,convai_agent_369,
convai_agent_374,convai_agent_310,
convai_agent_375,convai_agent_267,
convai_agent_376,convai_agent_267,
convai_agent_377,convai_agent_161,
convai_agent_377,convai_agent_250,
convai_agent_377,convai_agent_920,
convai_agent_378,convai_agent_246,
convai_agent_379,convai_agent_644,
convai_agent_380,convai_agent_250,
convai_agent_381,convai_agent_267,
convai_agent_382,convai_agent_161,
convai_agent_382,convai_agent_281,
convai_agent_382,convai_agent_920,
convai_agent_383,convai_agent_359,
convai_agent_384,convai_agent_267,
convai_agent_385,convai_agent_161,
convai_agent_385,convai_agent_920,
convai_agent_386,convai_agent_247,
convai_agent_387,convai_agent_267,
convai_agent_388,convai_agent_198,
convai_agent_388,convai_agent_250,
convai_agent_388,convai_agent_267,
convai_agent_388,convai_agent_920,
convai_agent_389,convai_agent_250,
convai_agent_389,convai_agent_920,
convai_agent_390,convai_agent_409,
convai_agent_390,convai_agent_431,
convai_agent_391,convai_agent_250,
convai_agent_391,convai_agent_920,
convai_agent_392,convai_agent_250,
convai_agent_392,convai_agent_994,
convai_agent_393,convai_agent_246,
convai_agent_394,convai_agent_136,
convai_agent_394,convai_agent_161,
convai_agent_394,convai_agent_250,
convai_agent_394,convai_agent_262,
convai_agent_394,convai_agent_281,
convai_agent_394,convai_agent_730,
convai_agent_394,convai_agent_812,
convai_agent_394,convai_agent_920,
convai_agent_395,convai_agent_250,
convai_agent_396,convai_agent_250,
convai_agent_397,convai_agent_267,
convai_agent_398,convai_agent_427,
convai_agent_398,convai_agent_687,
convai_agent_398,convai_agent_712,
convai_agent_399,convai_agent_246,
convai_agent_400,convai_agent_321,
convai_agent_401,convai_agent_267,
convai_agent_402,convai_agent_267,
convai_agent_403,convai_agent_267,
convai_agent_404,convai_agent_246,
convai_agent_405,convai_agent_250,
convai_agent_405,convai_agent_920,
convai_agent_406,convai_agent_250,
convai_agent_407,convai_agent_246,
convai_agent_408,convai_agent_246,
convai_agent_408,convai_agent_444,
convai_agent_409,convai_agent_121,
convai_agent_409,convai_agent_246,
convai_agent_409,convai_agent_390,
convai_agent_409,convai_agent_431,
convai_agent_409,convai_agent_604,
convai_agent_409,convai_agent_909,
convai_agent_409,convai_agent_925,
convai_agent_410,convai_agent_267,
convai_agent_411,convai_agent_161,
convai_agent_411,convai_agent_920,
convai_agent_412,convai_agent_246,
convai_agent_412,convai_agent_250,
convai_agent_413,convai_agent_408,
convai_agent_414,convai_agent_267,
convai_agent_415,convai_agent_267,
convai_agent_416,convai_agent_631,
convai_agent_417,convai_agent_267,
convai_agent_418,convai_agent_267,
convai_agent_419,convai_agent_246,
convai_agent_420,convai_agent_245,
convai_agent_420,convai_agent_246,
convai_agent_420,convai_agent_247,
convai_agent_420,convai_agent_462,
convai_agent_421,convai_agent_641,
convai_agent_422,convai_agent_272,
convai_agent_423,convai_agent_267,
convai_agent_424,convai_agent_246,
convai_agent_425,convai_agent_281,
convai_agent_426,convai_agent_250,
convai_agent_426,convai_agent_920,
convai_agent_427,convai_agent_267,
convai_agent_428,convai_agent_920,
convai_agent_429,convai_agent_252,
convai_agent_430,convai_agent_246,
convai_agent_430,convai_agent_250,
convai_agent_430,convai_agent_360,
convai_agent_430,convai_agent_565,
convai_agent_430,convai_agent_760,
convai_agent_430,convai_agent_833,
convai_agent_430,convai_agent_989,
convai_agent_431,convai_agent_390,
convai_agent_431,convai_agent_409,
convai_agent_432,convai_agent_246,
convai_agent_433,convai_agent_246,
convai_agent_434,convai_agent_246,
convai_agent_434,convai_agent_318,
convai_agent_435,convai_agent_245,
convai_agent_435,convai_agent_246,
convai_agent_435,convai_agent_250,
convai_agent_435,convai_agent_728,
convai_agent_435,convai_agent_920,
convai_agent_436,convai_agent_664,
convai_agent_437,convai_agent_267,
convai_agent_438,convai_agent_42,
convai_agent_438,convai_agent_502,
convai_agent_438,convai_agent_541,
convai_agent_439,convai_agent_109,
convai_agent_439,convai_agent_246,
convai_agent_440,convai_agent_297,
convai_agent_441,convai_agent_267,
convai_agent_442,convai_agent_267,
convai_agent_443,convai_agent_267,
convai_agent_444,convai_agent_217,
convai_agent_444,convai_agent_246,
convai_agent_445,convai_agent_486,
convai_agent_446,convai_agent_246,
convai_agent_446,convai_agent_310,
convai_agent_446,convai_agent_320,
convai_agent_446,convai_agent_928,
convai_agent_447,convai_agent_211,
convai_agent_447,convai_agent_246,
convai_agent_448,convai_agent_250,
convai_agent_449,convai_agent_250,
convai_agent_450,convai_agent_246,
convai_agent_451,convai_agent_246,
convai_agent_452,convai_agent_109,
convai_agent_452,convai_agent_250,
convai_agent_452,convai_agent_523,
convai_agent_453,convai_agent_267,
convai_agent_454,convai_agent_267,
convai_agent_455,convai_agent_267,
convai_agent_456,convai_agent_250,
convai_agent_457,convai_agent_250,
convai_agent_457,convai_agent_920,
convai_agent_458,convai_agent_30,
convai_agent_459,convai_agent_246,
convai_agent_460,convai_agent_246,
convai_agent_461,convai_agent_297,
convai_agent_462,convai_agent_247,
convai_agent_462,convai_agent_250,
convai_agent_462,convai_agent_420,
convai_agent_462,convai_agent_920,
convai_agent_463,convai_agent_767,
convai_agent_464,convai_agent_246,
convai_agent_465,convai_agent_404,
convai_agent_466,convai_agent_250,
convai_agent_467,convai_agent_231,
convai_agent_468,convai_agent_267,
convai_agent_469,convai_agent_266,
convai_agent_469,convai_agent_592,
convai_agent_469,convai_agent_930,
convai_agent_470,convai_agent_246,
convai_agent_471,convai_agent_267,
convai_agent_472,convai_agent_267,
convai_agent_473,convai_agent_267,
convai_agent_474,convai_agent_245,
convai_agent_475,convai_agent_246,
convai_agent_475,convai_agent_446,
convai_agent_475,convai_agent_702,
convai_agent_476,convai_agent_957,
convai_agent_477,convai_agent_245,
convai_agent_478,convai_agent_267,
convai_agent_479,convai_agent_267,
convai_agent_480,convai_agent_250,
convai_agent_481,convai_agent_267,
convai_agent_482,convai_agent_246,
convai_agent_483,convai_agent_956,
convai_agent_484,convai_agent_267,
convai_agent_485,convai_agent_272,
convai_agent_486,convai_agent_201,
convai_agent_486,convai_agent_310,
convai_agent_486,convai_agent_445,
convai_agent_486,convai_agent_928,
convai_agent_486,convai_agent_1013,
convai_agent_486,convai_agent_1022,
convai_agent_487,convai_agent_250,
convai_agent_488,convai_agent_246,
convai_agent_489,convai_agent_250,
convai_agent_490,convai_agent_267,
convai_agent_491,convai_agent_247,
convai_agent_491,convai_agent_250,
convai_agent_491,convai_agent_920,
convai_agent_492,convai_agent_267,
convai_agent_493,convai_agent_267,
convai_agent_494,convai_agent_267,
convai_agent_495,convai_agent_246,
convai_agent_496,convai_agent_671,
convai_agent_497,convai_agent_920,
convai_agent_498,convai_agent_267,
convai_agent_499,convai_agent_246,
convai_agent_500,convai_agent_267,
convai_agent_501,convai_agent_267,
convai_agent_502,convai_agent_438,
convai_agent_502,convai_agent_920,
convai_agent_503,convai_agent_634,
convai_agent_504,convai_agent_161,
convai_agent_504,convai_agent_208,
convai_agent_504,convai_agent_245,
convai_agent_504,convai_agent_250,
convai_agent_504,convai_agent_268,
convai_agent_504,convai_agent_281,
convai_agent_504,convai_agent_377,
convai_agent_504,convai_agent_394,
convai_agent_504,convai_agent_920,
convai_agent_505,convai_agent_161,
convai_agent_505,convai_agent_245,
convai_agent_505,convai_agent_250,
convai_agent_505,convai_agent_262,
convai_agent_505,convai_agent_286,
convai_agent_505,convai_agent_717,
convai_agent_505,convai_agent_920,
convai_agent_506,convai_agent_272,
convai_agent_507,convai_agent_221,
convai_agent_508,convai_agent_246,
convai_agent_509,convai_agent_246,
convai_agent_509,convai_agent_250,
convai_agent_509,convai_agent_920,
convai_agent_510,convai_agent_161,
convai_agent_510,convai_agent_250,
convai_agent_511,convai_agent_745,
convai_agent_512,convai_agent_250,
convai_agent_512,convai_agent_1041,
convai_agent_513,convai_agent_1009,
convai_agent_514,convai_agent_250,
convai_agent_515,convai_agent_272,
convai_agent_515,convai_agent_920,
convai_agent_516,convai_agent_267,
convai_agent_517,convai_agent_267,
convai_agent_518,convai_agent_978,
convai_agent_519,convai_agent_267,
convai_agent_520,convai_agent_246,
convai_agent_520,convai_agent_950,
convai_agent_521,convai_agent_246,
convai_agent_522,convai_agent_246,
convai_agent_523,convai_agent_452,
convai_agent_524,convai_agent_246,
convai_agent_524,convai_agent_250,
convai_agent_524,convai_agent_920,
convai_agent_525,convai_agent_246,
convai_agent_526,convai_agent_250,
convai_agent_526,convai_agent_920,
convai_agent_527,convai_agent_246,
convai_agent_528,convai_agent_246,
convai_agent_529,convai_agent_246,
convai_agent_530,convai_agent_267,
convai_agent_531,convai_agent_267,
convai_agent_532,convai_agent_639,
convai_agent_533,convai_agent_267,
convai_agent_534,convai_agent_246,
convai_agent_535,convai_agent_920,
convai_agent_536,convai_agent_267,
convai_agent_537,convai_agent_246,
convai_agent_538,convai_agent_246,
convai_agent_539,convai_agent_592,
convai_agent_540,convai_agent_245,
convai_agent_541,convai_agent_438,
convai_agent_542,convai_agent_784,
convai_agent_543,convai_agent_267,
convai_agent_544,convai_agent_267,
convai_agent_545,convai_agent_246,
convai_agent_546,convai_agent_699,
convai_agent_547,convai_agent_246,
convai_agent_547,convai_agent_642,
convai_agent_548,convai_agent_267,
convai_agent_549,convai_agent_250,
convai_agent_550,convai_agent_245,
convai_agent_550,convai_agent_250,
convai_agent_551,convai_agent_267,
convai_agent_552,convai_agent_246,
convai_agent_552,convai_agent_732,
convai_agent_553,convai_agent_246,
convai_agent_553,convai_agent_639,
convai_agent_553,convai_agent_933,
convai_agent_554,convai_agent_246,
convai_agent_555,convai_agent_250,
convai_agent_555,convai_agent_258,
convai_agent_555,convai_agent_504,
convai_agent_555,convai_agent_920,
convai_agent_556,convai_agent_246,
convai_agent_556,convai_agent_1009,
convai_agent_557,convai_agent_246,
convai_agent_558,convai_agent_16,
convai_agent_559,convai_agent_597,
convai_agent_559,convai_agent_598,
convai_agent_559,convai_agent_737,
convai_agent_560,convai_agent_68,
convai_agent_560,convai_agent_250,
convai_agent_560,convai_agent_267,
convai_agent_561,convai_agent_161,
convai_agent_561,convai_agent_250,
convai_agent_561,convai_agent_920,
convai_agent_562,convai_agent_238,
convai_agent_562,convai_agent_246,
convai_agent_562,convai_agent_310,
convai_agent_562,convai_agent_702,
convai_agent_563,convai_agent_246,
convai_agent_564,convai_agent_267,
convai_agent_565,convai_agent_430,
convai_agent_565,convai_agent_760,
convai_agent_566,convai_agent_262,
convai_agent_567,convai_agent_267,
convai_agent_568,convai_agent_297,
convai_agent_569,convai_agent_250,
convai_agent_569,convai_agent_920,
convai_agent_570,convai_agent_1037,
convai_agent_571,convai_agent_250,
convai_agent_572,convai_agent_267,
convai_agent_573,convai_agent_246,
convai_agent_574,convai_agent_267,
convai_agent_575,convai_agent_246,
convai_agent_575,convai_agent_840,
convai_agent_576,convai_agent_246,
convai_agent_577,convai_agent_310,
convai_agent_578,convai_agent_250,
convai_agent_579,convai_agent_267,
convai_agent_580,convai_agent_250,
convai_agent_580,convai_agent_920,
convai_agent_581,convai_agent_585,
convai_agent_582,convai_agent_94,
convai_agent_582,convai_agent_262,
convai_agent_583,convai_agent_667,
convai_agent_584,convai_agent_246,
convai_agent_585,convai_agent_76,
convai_agent_585,convai_agent_158,
convai_agent_585,convai_agent_236,
convai_agent_585,convai_agent_267,
convai_agent_585,convai_agent_635,
convai_agent_585,convai_agent_703,
convai_agent_586,convai_agent_246,
convai_agent_587,convai_agent_246,
convai_agent_588,convai_agent_246,
convai_agent_588,convai_agent_1034,
convai_agent_589,convai_agent_267,
convai_agent_590,convai_agent_267,
convai_agent_591,convai_agent_246,
convai_agent_592,convai_agent_266,
convai_agent_592,convai_agent_469,
convai_agent_592,convai_agent_539,
convai_agent_592,convai_agent_930,
convai_agent_593,convai_agent_250,
convai_agent_593,convai_agent_585,
convai_agent_593,convai_agent_920,
convai_agent_594,convai_agent_869,
convai_agent_595,convai_agent_267,
convai_agent_596,convai_agent_267,
convai_agent_597,convai_agent_196,
convai_agent_597,convai_agent_559,
convai_agent_597,convai_agent_598,
convai_agent_597,convai_agent_737,
convai_agent_597,convai_agent_929,
convai_agent_598,convai_agent_45,
convai_agent_598,convai_agent_126,
convai_agent_598,convai_agent_161,
convai_agent_598,convai_agent_250,
convai_agent_598,convai_agent_559,
convai_agent_598,convai_agent_597,
convai_agent_598,convai_agent_737,
convai_agent_598,convai_agent_920,
convai_agent_599,convai_agent_246,
convai_agent_600,convai_agent_267,
convai_agent_601,convai_agent_1035,
convai_agent_602,convai_agent_161,
convai_agent_602,convai_agent_250,
convai_agent_602,convai_agent_920,
convai_agent_603,convai_agent_246,
convai_agent_604,convai_agent_409,
convai_agent_605,convai_agent_267,
convai_agent_606,convai_agent_250,
convai_agent_607,convai_agent_343,
convai_agent_607,convai_agent_861,
convai_agent_608,convai_agent_250,
convai_agent_608,convai_agent_322,
convai_agent_608,convai_agent_811,
convai_agent_609,convai_agent_267,
convai_agent_610,convai_agent_267,
convai_agent_611,convai_agent_631,
convai_agent_612,convai_agent_100,
convai_agent_612,convai_agent_267,
convai_agent_613,convai_agent_440,
convai_agent_613,convai_agent_737,
convai_agent_614,convai_agent_196,
convai_agent_614,convai_agent_236,
convai_agent_614,convai_agent_267,
convai_agent_615,convai_agent_920,
convai_agent_616,convai_agent_161,
convai_agent_616,convai_agent_920,
convai_agent_617,convai_agent_267,
convai_agent_618,convai_agent_853,
convai_agent_619,convai_agent_246,
convai_agent_620,convai_agent_109,
convai_agent_621,convai_agent_161,
convai_agent_621,convai_agent_920,
convai_agent_622,convai_agent_267,
convai_agent_623,convai_agent_219,
convai_agent_624,convai_agent_246,
convai_agent_625,convai_agent_246,
convai_agent_625,convai_agent_247,
convai_agent_626,convai_agent_247,
convai_agent_626,convai_agent_920,
convai_agent_627,convai_agent_246,
convai_agent_628,convai_agent_267,
convai_agent_629,convai_agent_267,
convai_agent_630,convai_agent_246,
convai_agent_630,convai_agent_946,
convai_agent_630,convai_agent_1018,
convai_agent_631,convai_agent_246,
convai_agent_631,convai_agent_416,
convai_agent_631,convai_agent_611,
convai_agent_632,convai_agent_430,
convai_agent_632,convai_agent_833,
convai_agent_633,convai_agent_122,
convai_agent_633,convai_agent_246,
convai_agent_634,convai_agent_272,
convai_agent_635,convai_agent_585,
convai_agent_636,convai_agent_202,
convai_agent_637,convai_agent_267,
convai_agent_638,convai_agent_267,
convai_agent_639,convai_agent_532,
convai_agent_639,convai_agent_553,
convai_agent_639,convai_agent_725,
convai_agent_640,convai_agent_267,
convai_agent_641,convai_agent_293,
convai_agent_641,convai_agent_591,
convai_agent_642,convai_agent_252,
convai_agent_642,convai_agent_301,
convai_agent_643,convai_agent_267,
convai_agent_644,convai_agent_239,
convai_agent_644,convai_agent_379,
convai_agent_644,convai_agent_769,
convai_agent_645,convai_agent_210,
convai_agent_645,convai_agent_879,
convai_agent_646,convai_agent_246,
convai_agent_647,convai_agent_267,
convai_agent_648,convai_agent_246,
convai_agent_649,convai_agent_109,
convai_agent_650,convai_agent_246,
convai_agent_651,convai_agent_267,
convai_agent_652,convai_agent_161,
convai_agent_652,convai_agent_250,
convai_agent_652,convai_agent_260,
convai_agent_652,convai_agent_281,
convai_agent_652,convai_agent_920,
convai_agent_653,convai_agent_267,
convai_agent_654,convai_agent_245,
convai_agent_655,convai_agent_353,
convai_agent_656,convai_agent_250,
convai_agent_656,convai_agent_940,
convai_agent_657,convai_agent_409,
convai_agent_658,convai_agent_246,
convai_agent_659,convai_agent_739,
convai_agent_660,convai_agent_246,
convai_agent_661,convai_agent_702,
convai_agent_662,convai_agent_246,
convai_agent_663,convai_agent_246,
convai_agent_663,convai_agent_310,
convai_agent_663,convai_agent_926,
convai_agent_664,convai_agent_222,
convai_agent_665,convai_agent_246,
convai_agent_665,convai_agent_738,
convai_agent_666,convai_agent_267,
convai_agent_667,convai_agent_246,
convai_agent_667,convai_agent_583,
convai_agent_668,convai_agent_267,
convai_agent_669,convai_agent_281,
convai_agent_670,convai_agent_646,
convai_agent_671,convai_agent_243,
convai_agent_671,convai_agent_496,
convai_agent_672,convai_agent_243,
convai_agent_673,convai_agent_1039,
convai_agent_674,convai_agent_250,
convai_agent_674,convai_agent_920,
convai_agent_675,convai_agent_246,
convai_agent_676,convai_agent_267,
convai_agent_677,convai_agent_946,
convai_agent_678,convai_agent_250,
convai_agent_679,convai_agent_174,
convai_agent_679,convai_agent_855,
convai_agent_679,convai_agent_961,
convai_agent_680,convai_agent_247,
convai_agent_681,convai_agent_246,
convai_agent_682,convai_agent_246,
convai_agent_683,convai_agent_246,
convai_agent_684,convai_agent_250,
convai_agent_685,convai_agent_272,
convai_agent_686,convai_agent_246,
convai_agent_687,convai_agent_903,
convai_agent_688,convai_agent_246,
convai_agent_688,convai_agent_702,
convai_agent_689,convai_agent_250,
convai_agent_690,convai_agent_246,
convai_agent_691,convai_agent_267,
convai_agent_692,convai_agent_267,
convai_agent_693,convai_agent_246,
convai_agent_694,convai_agent_920,
convai_agent_695,convai_agent_267,
convai_agent_696,convai_agent_246,
convai_agent_697,convai_agent_250,
convai_agent_697,convai_agent_281,
convai_agent_698,convai_agent_246,
convai_agent_699,convai_agent_246,
convai_agent_699,convai_agent_546,
convai_agent_700,convai_agent_161,
convai_agent_700,convai_agent_920,
convai_agent_700,convai_agent_934,
convai_agent_701,convai_agent_267,
convai_agent_702,convai_agent_238,
convai_agent_702,convai_agent_246,
convai_agent_702,convai_agent_853,
convai_agent_703,convai_agent_585,
convai_agent_704,convai_agent_246,
convai_agent_705,convai_agent_250,
convai_agent_705,convai_agent_920,
convai_agent_706,convai_agent_301,
convai_agent_706,convai_agent_642,
convai_agent_707,convai_agent_267,
convai_agent_708,convai_agent_246,
convai_agent_709,convai_agent_243,
convai_agent_709,convai_agent_250,
convai_agent_709,convai_agent_672,
convai_agent_709,convai_agent_920,
convai_agent_710,convai_agent_267,
convai_agent_711,convai_agent_246,
convai_agent_712,convai_agent_365,
convai_agent_712,convai_agent_398,
convai_agent_713,convai_agent_161,
convai_agent_713,convai_agent_920,
convai_agent_714,convai_agent_267,
convai_agent_715,convai_agent_246,
convai_agent_716,convai_agent_246,
convai_agent_717,convai_agent_161,
convai_agent_717,convai_agent_245,
convai_agent_717,convai_agent_250,
convai_agent_717,convai_agent_505,
convai_agent_717,convai_agent_920,
convai_agent_718,convai_agent_246,
convai_agent_718,convai_agent_247,
convai_agent_718,convai_agent_250,
convai_agent_719,convai_agent_250,
convai_agent_720,convai_agent_246,
convai_agent_721,convai_agent_161,
convai_agent_722,convai_agent_246,
convai_agent_723,convai_agent_246,
convai_agent_724,convai_agent_176,
convai_agent_725,convai_agent_639,
convai_agent_726,convai_agent_246,
convai_agent_727,convai_agent_246,
convai_agent_728,convai_agent_245,
convai_agent_728,convai_agent_435,
convai_agent_729,convai_agent_246,
convai_agent_730,convai_agent_250,
convai_agent_730,convai_agent_394,
convai_agent_731,convai_agent_267,
convai_agent_732,convai_agent_552,
convai_agent_733,convai_agent_245,
convai_agent_733,convai_agent_250,
convai_agent_734,convai_agent_267,
convai_agent_735,convai_agent_246,
convai_agent_735,convai_agent_699,
convai_agent_736,convai_agent_262,
convai_agent_737,convai_agent_126,
convai_agent_737,convai_agent_161,
convai_agent_737,convai_agent_196,
convai_agent_737,convai_agent_250,
convai_agent_737,convai_agent_559,
convai_agent_737,convai_agent_597,
convai_agent_737,convai_agent_598,
convai_agent_737,convai_agent_613,
convai_agent_737,convai_agent_929,
convai_agent_738,convai_agent_246,
convai_agent_738,convai_agent_835,
convai_agent_739,convai_agent_246,
convai_agent_740,convai_agent_161,
convai_agent_740,convai_agent_245,
convai_agent_740,convai_agent_250,
convai_agent_740,convai_agent_920,
convai_agent_741,convai_agent_246,
convai_agent_742,convai_agent_246,
convai_agent_743,convai_agent_250,
convai_agent_744,convai_agent_246,
convai_agent_745,convai_agent_161,
convai_agent_745,convai_agent_920,
convai_agent_746,convai_agent_250,
convai_agent_747,convai_agent_611,
convai_agent_748,convai_agent_267,
convai_agent_748,convai_agent_805,
convai_agent_749,convai_agent_250,
convai_agent_749,convai_agent_256,
convai_agent_749,convai_agent_1020,
convai_agent_750,convai_agent_246,
convai_agent_751,convai_agent_246,
convai_agent_752,convai_agent_267,
convai_agent_753,convai_agent_246,
convai_agent_754,convai_agent_246,
convai_agent_755,convai_agent_267,
convai_agent_756,convai_agent_246,
convai_agent_757,convai_agent_246,
convai_agent_758,convai_agent_246,
convai_agent_759,convai_agent_267,
convai_agent_760,convai_agent_565,
convai_agent_761,convai_agent_267,
convai_agent_762,convai_agent_267,
convai_agent_763,convai_agent_17,
convai_agent_763,convai_agent_246,
convai_agent_764,convai_agent_267,
convai_agent_765,convai_agent_250,
convai_agent_766,convai_agent_181,
convai_agent_767,convai_agent_138,
convai_agent_767,convai_agent_463,
convai_agent_767,convai_agent_778,
convai_agent_768,convai_agent_323,
convai_agent_768,convai_agent_950,
convai_agent_769,convai_agent_644,
convai_agent_770,convai_agent_161,
convai_agent_771,convai_agent_246,
convai_agent_772,convai_agent_250,
convai_agent_772,convai_agent_920,
convai_agent_773,convai_agent_639,
convai_agent_774,convai_agent_267,
convai_agent_775,convai_agent_94,
convai_agent_776,convai_agent_8,
convai_agent_776,convai_agent_247,
convai_agent_777,convai_agent_246,
convai_agent_778,convai_agent_7,
convai_agent_778,convai_agent_246,
convai_agent_778,convai_agent_767,
convai_agent_778,convai_agent_983,
convai_agent_778,convai_agent_1014,
convai_agent_779,convai_agent_246,
convai_agent_779,convai_agent_677,
convai_agent_780,convai_agent_493,
convai_agent_781,convai_agent_246,
convai_agent_782,convai_agent_246,
convai_agent_783,convai_agent_345,
convai_agent_783,convai_agent_523,
convai_agent_784,convai_agent_267,
convai_agent_784,convai_agent_542,
convai_agent_785,convai_agent_267,
convai_agent_786,convai_agent_243,
convai_agent_787,convai_agent_108,
convai_agent_787,convai_agent_912,
convai_agent_788,convai_agent_267,
convai_agent_789,convai_agent_246,
convai_agent_790,convai_agent_246,
convai_agent_790,convai_agent_830,
convai_agent_791,convai_agent_560,
convai_agent_792,convai_agent_267,
convai_agent_793,convai_agent_246,
convai_agent_794,convai_agent_267,
convai_agent_795,convai_agent_267,
convai_agent_796,convai_agent_246,
convai_agent_797,convai_agent_267,
convai_agent_798,convai_agent_250,
convai_agent_798,convai_agent_920,
convai_agent_799,convai_agent_267,
convai_agent_800,convai_agent_262,
convai_agent_801,convai_agent_246,
convai_agent_801,convai_agent_981,
convai_agent_802,convai_agent_250,
convai_agent_802,convai_agent_483,
convai_agent_802,convai_agent_956,
convai_agent_803,convai_agent_267,
convai_agent_804,convai_agent_246,
convai_agent_805,convai_agent_332,
convai_agent_806,convai_agent_250,
convai_agent_806,convai_agent_920,
convai_agent_807,convai_agent_246,
convai_agent_808,convai_agent_215,
convai_agent_808,convai_agent_247,
convai_agent_809,convai_agent_646,
convai_agent_810,convai_agent_246,
convai_agent_811,convai_agent_250,
convai_agent_811,convai_agent_608,
convai_agent_812,convai_agent_94,
convai_agent_812,convai_agent_262,
convai_agent_812,convai_agent_394,
convai_agent_812,convai_agent_920,
convai_agent_813,convai_agent_267,
convai_agent_814,convai_agent_246,
convai_agent_815,convai_agent_246,
convai_agent_816,convai_agent_246,
convai_agent_816,convai_agent_927,
convai_agent_817,convai_agent_246,
convai_agent_818,convai_agent_267,
convai_agent_819,convai_agent_250,
convai_agent_819,convai_agent_920,
convai_agent_820,convai_agent_246,
convai_agent_821,convai_agent_246,
convai_agent_822,convai_agent_267,
convai_agent_823,convai_agent_246,
convai_agent_824,convai_agent_250,
convai_agent_824,convai_agent_920,
convai_agent_825,convai_agent_929,
convai_agent_826,convai_agent_856,
convai_agent_827,convai_agent_161,
convai_agent_828,convai_agent_246,
convai_agent_829,convai_agent_267,
convai_agent_830,convai_agent_239,
convai_agent_830,convai_agent_246,
convai_agent_830,convai_agent_790,
convai_agent_831,convai_agent_267,
convai_agent_832,convai_agent_920,
convai_agent_833,convai_agent_430,
convai_agent_833,convai_agent_632,
convai_agent_833,convai_agent_986,
convai_agent_834,convai_agent_267,
convai_agent_835,convai_agent_738,
convai_agent_836,convai_agent_161,
convai_agent_837,convai_agent_161,
convai_agent_838,convai_agent_4,
convai_agent_839,convai_agent_246,
convai_agent_840,convai_agent_575,
convai_agent_841,convai_agent_267,
convai_agent_842,convai_agent_760,
convai_agent_843,convai_agent_246,
convai_agent_844,convai_agent_250,
convai_agent_844,convai_agent_920,
convai_agent_845,convai_agent_246,
convai_agent_846,convai_agent_267,
convai_agent_847,convai_agent_250,
convai_agent_847,convai_agent_798,
convai_agent_848,convai_agent_250,
convai_agent_849,convai_agent_250,
convai_agent_849,convai_agent_920,
convai_agent_850,convai_agent_91,
convai_agent_850,convai_agent_161,
convai_agent_851,convai_agent_246,
convai_agent_852,convai_agent_920,
convai_agent_853,convai_agent_328,
convai_agent_853,convai_agent_452,
convai_agent_853,convai_agent_618,
convai_agent_853,convai_agent_702,
convai_agent_854,convai_agent_920,
convai_agent_855,convai_agent_221,
convai_agent_855,convai_agent_679,
convai_agent_855,convai_agent_961,
convai_agent_856,convai_agent_120,
convai_agent_856,convai_agent_246,
convai_agent_856,convai_agent_250,
convai_agent_856,convai_agent_826,
convai_agent_856,convai_agent_920,
convai_agent_857,convai_agent_250,
convai_agent_858,convai_agent_213,
convai_agent_858,convai_agent_267,
convai_agent_859,convai_agent_246,
convai_agent_860,convai_agent_267,
convai_agent_861,convai_agent_246,
convai_agent_861,convai_agent_343,
convai_agent_861,convai_agent_607,
convai_agent_862,convai_agent_246,
convai_agent_863,convai_agent_267,
convai_agent_864,convai_agent_267,
convai_agent_865,convai_agent_146,
convai_agent_865,convai_agent_267,
convai_agent_866,convai_agent_267,
convai_agent_867,convai_agent_246,
convai_agent_868,convai_agent_64,
convai_agent_868,convai_agent_182,
convai_agent_868,convai_agent_523,
convai_agent_869,convai_agent_109,
convai_agent_870,convai_agent_267,
convai_agent_871,convai_agent_246,
convai_agent_871,convai_agent_276,
convai_agent_872,convai_agent_267,
convai_agent_873,convai_agent_267,
convai_agent_874,convai_agent_250,
convai_agent_875,convai_agent_702,
convai_agent_876,convai_agent_267,
convai_agent_876,convai_agent_970,
convai_agent_877,convai_agent_321,
convai_agent_878,convai_agent_250,
convai_agent_879,convai_agent_645,
convai_agent_880,convai_agent_250,
convai_agent_880,convai_agent_920,
convai_agent_880,convai_agent_972,
convai_agent_881,convai_agent_250,
convai_agent_881,convai_agent_920,
convai_agent_882,convai_agent_267,
convai_agent_883,convai_agent_246,
convai_agent_884,convai_agent_246,
convai_agent_885,convai_agent_920,
convai_agent_886,convai_agent_267,
convai_agent_887,convai_agent_267,
convai_agent_888,convai_agent_267,
convai_agent_889,convai_agent_246,
convai_agent_890,convai_agent_161,
convai_agent_890,convai_agent_250,
convai_agent_890,convai_agent_920,
convai_agent_891,convai_agent_920,
convai_agent_892,convai_agent_267,
convai_agent_893,convai_agent_115,
convai_agent_894,convai_agent_94,
convai_agent_894,convai_agent_262,
convai_agent_895,convai_agent_267,
convai_agent_896,convai_agent_161,
convai_agent_896,convai_agent_250,
convai_agent_896,convai_agent_262,
convai_agent_896,convai_agent_920,
convai_agent_897,convai_agent_267,
convai_agent_898,convai_agent_99,
convai_agent_898,convai_agent_250,
convai_agent_898,convai_agent_267,
convai_agent_898,convai_agent_920,
convai_agent_899,convai_agent_281,
convai_agent_899,convai_agent_920,
convai_agent_900,convai_agent_281,
convai_agent_901,convai_agent_246,
convai_agent_902,convai_agent_246,
convai_agent_903,convai_agent_267,
convai_agent_903,convai_agent_687,
convai_agent_904,convai_agent_250,
convai_agent_905,convai_agent_60,
convai_agent_906,convai_agent_250,
convai_agent_907,convai_agent_246,
convai_agent_908,convai_agent_246,
convai_agent_909,convai_agent_93,
convai_agent_909,convai_agent_409,
convai_agent_910,convai_agent_219,
convai_agent_911,convai_agent_215,
convai_agent_911,convai_agent_243,
convai_agent_912,convai_agent_56,
convai_agent_912,convai_agent_108,
convai_agent_912,convai_agent_246,
convai_agent_912,convai_agent_787,
convai_agent_913,convai_agent_117,
convai_agent_914,convai_agent_245,
convai_agent_914,convai_agent_246,
convai_agent_915,convai_agent_267,
convai_agent_916,convai_agent_15,
convai_agent_916,convai_agent_246,
convai_agent_917,convai_agent_246,
convai_agent_918,convai_agent_920,
convai_agent_919,convai_agent_267,
convai_agent_920,convai_agent_109,
convai_agent_920,convai_agent_120,
convai_agent_920,convai_agent_136,
convai_agent_920,convai_agent_161,
convai_agent_920,convai_agent_245,
convai_agent_920,convai_agent_250,
convai_agent_920,convai_agent_262,
convai_agent_920,convai_agent_281,
convai_agent_920,convai_agent_394,
convai_agent_920,convai_agent_435,
convai_agent_920,convai_agent_856,
convai_agent_921,convai_agent_246,
convai_agent_922,convai_agent_267,
convai_agent_923,convai_agent_267,
convai_agent_924,convai_agent_267,
convai_agent_925,convai_agent_409,
convai_agent_926,convai_agent_663,
convai_agent_926,convai_agent_1026,
convai_agent_927,convai_agent_246,
convai_agent_928,convai_agent_246,
convai_agent_928,convai_agent_446,
convai_agent_928,convai_agent_486,
convai_agent_928,convai_agent_671,
convai_agent_929,convai_agent_297,
convai_agent_929,convai_agent_440,
convai_agent_929,convai_agent_737,
convai_agent_930,convai_agent_267,
convai_agent_930,convai_agent_469,
convai_agent_930,convai_agent_592,
convai_agent_931,convai_agent_246,
convai_agent_931,convai_agent_250,
convai_agent_932,convai_agent_267,
convai_agent_933,convai_agent_553,
convai_agent_934,convai_agent_57,
convai_agent_934,convai_agent_161,
convai_agent_934,convai_agent_700,
convai_agent_934,convai_agent_966,
convai_agent_935,convai_agent_920,
convai_agent_936,convai_agent_246,
convai_agent_937,convai_agent_246,
convai_agent_938,convai_agent_246,
convai_agent_939,convai_agent_246,
convai_agent_940,convai_agent_250,
convai_agent_940,convai_agent_656,
convai_agent_940,convai_agent_920,
convai_agent_941,convai_agent_247,
convai_agent_941,convai_agent_562,
convai_agent_942,convai_agent_267,
convai_agent_943,convai_agent_267,
convai_agent_944,convai_agent_246,
convai_agent_945,convai_agent_250,
convai_agent_945,convai_agent_262,
convai_agent_946,convai_agent_17,
convai_agent_946,convai_agent_162,
convai_agent_946,convai_agent_246,
convai_agent_946,convai_agent_256,
convai_agent_946,convai_agent_310,
convai_agent_946,convai_agent_677,
convai_agent_947,convai_agent_94,
convai_agent_947,convai_agent_262,
convai_agent_948,convai_agent_705,
convai_agent_948,convai_agent_920,
convai_agent_949,convai_agent_258,
convai_agent_950,convai_agent_520,
convai_agent_950,convai_agent_768,
convai_agent_951,convai_agent_250,
convai_agent_952,convai_agent_225,
convai_agent_952,convai_agent_267,
convai_agent_953,convai_agent_267,
convai_agent_954,convai_agent_48,
convai_agent_954,convai_agent_246,
convai_agent_955,convai_agent_246,
convai_agent_956,convai_agent_250,
convai_agent_956,convai_agent_483,
convai_agent_957,convai_agent_79,
convai_agent_957,convai_agent_476,
convai_agent_958,convai_agent_250,
convai_agent_959,convai_agent_161,
convai_agent_960,convai_agent_246,
convai_agent_961,convai_agent_679,
convai_agent_961,convai_agent_855,
convai_agent_962,convai_agent_250,
convai_agent_963,convai_agent_267,
convai_agent_964,convai_agent_250,
convai_agent_965,convai_agent_246,
convai_agent_966,convai_agent_5,
convai_agent_966,convai_agent_245,
convai_agent_966,convai_agent_250,
convai_agent_966,convai_agent_920,
convai_agent_966,convai_agent_934,
convai_agent_967,convai_agent_267,
convai_agent_968,convai_agent_262,
convai_agent_969,convai_agent_267,
convai_agent_970,convai_agent_876,
convai_agent_971,convai_agent_246,
convai_agent_972,convai_agent_880,
convai_agent_973,convai_agent_250,
convai_agent_973,convai_agent_920,
convai_agent_974,convai_agent_920,
convai_agent_975,convai_agent_133,
convai_agent_975,convai_agent_246,
convai_agent_976,convai_agent_246,
convai_agent_977,convai_agent_646,
convai_agent_978,convai_agent_246,
convai_agent_978,convai_agent_518,
convai_agent_979,convai_agent_267,
convai_agent_980,convai_agent_246,
convai_agent_980,convai_agent_349,
convai_agent_981,convai_agent_246,
convai_agent_982,convai_agent_267,
convai_agent_983,convai_agent_778,
convai_agent_983,convai_agent_1014,
convai_agent_984,convai_agent_267,
convai_agent_985,convai_agent_267,
convai_agent_986,convai_agent_38,
convai_agent_986,convai_agent_113,
convai_agent_986,convai_agent_246,
convai_agent_986,convai_agent_833,
convai_agent_987,convai_agent_245,
convai_agent_988,convai_agent_246,
convai_agent_989,convai_agent_360,
convai_agent_989,convai_agent_430,
convai_agent_990,convai_agent_246,
convai_agent_991,convai_agent_267,
convai_agent_992,convai_agent_246,
convai_agent_993,convai_agent_245,
convai_agent_993,convai_agent_250,
convai_agent_993,convai_agent_920,
convai_agent_994,convai_agent_246,
convai_agent_995,convai_agent_173,
convai_agent_996,convai_agent_267,
convai_agent_997,convai_agent_246,
convai_agent_998,convai_agent_267,
convai_agent_999,convai_agent_4,
convai_agent_999,convai_agent_246,
convai_agent_999,convai_agent_247,
convai_agent_1000,convai_agent_250,
convai_agent_1001,convai_agent_246,
convai_agent_1002,convai_agent_267,
convai_agent_1003,convai_agent_267,
convai_agent_1004,convai_agent_109,
convai_agent_1004,convai_agent_1037,
convai_agent_1005,convai_agent_115,
convai_agent_1006,convai_agent_246,
convai_agent_1007,convai_agent_250,
convai_agent_1008,convai_agent_250,
convai_agent_1008,convai_agent_272,
convai_agent_1008,convai_agent_920,
convai_agent_1009,convai_agent_513,
convai_agent_1009,convai_agent_556,
convai_agent_1010,convai_agent_758,
convai_agent_1011,convai_agent_267,
convai_agent_1012,convai_agent_246,
convai_agent_1012,convai_agent_702,
convai_agent_1013,convai_agent_486,
convai_agent_1014,convai_agent_7,
convai_agent_1014,convai_agent_778,
convai_agent_1014,convai_agent_983,
convai_agent_1015,convai_agent_267,
convai_agent_1016,convai_agent_267,
convai_agent_1017,convai_agent_246,
convai_agent_1017,convai_agent_702,
convai_agent_1018,convai_agent_246,
convai_agent_1019,convai_agent_920,
convai_agent_1020,convai_agent_246,
convai_agent_1021,convai_agent_304,
convai_agent_1021,convai_agent_750,
convai_agent_1022,convai_agent_246,
convai_agent_1022,convai_agent_250,
convai_agent_1022,convai_agent_486,
convai_agent_1022,convai_agent_642,
convai_agent_1022,convai_agent_920,
convai_agent_1023,convai_agent_250,
convai_agent_1023,convai_agent_347,
convai_agent_1023,convai_agent_920,
convai_agent_1024,convai_agent_235,
convai_agent_1024,convai_agent_267,
convai_agent_1025,convai_agent_245,
convai_agent_1025,convai_agent_246,
convai_agent_1025,convai_agent_247,
convai_agent_1026,convai_agent_246,
convai_agent_1026,convai_agent_926,
convai_agent_1027,convai_agent_246,
convai_agent_1028,convai_agent_161,
convai_agent_1028,convai_agent_250,
convai_agent_1028,convai_agent_920,
convai_agent_1029,convai_agent_4,
convai_agent_1030,convai_agent_246,
convai_agent_1031,convai_agent_267,
convai_agent_1032,convai_agent_114,
convai_agent_1033,convai_agent_79,
convai_agent_1033,convai_agent_247,
convai_agent_1034,convai_agent_588,
convai_agent_1035,convai_agent_246,
convai_agent_1035,convai_agent_601,
convai_agent_1036,convai_agent_246,
convai_agent_1037,convai_agent_250,
convai_agent_1037,convai_agent_281,
convai_agent_1037,convai_agent_570,
convai_agent_1037,convai_agent_920,
convai_agent_1037,convai_agent_1004,
convai_agent_1038,convai_agent_246,
convai_agent_1039,convai_agent_267,
convai_agent_1039,convai_agent_673,
convai_agent_1040,convai_agent_920,
convai_agent_1041,convai_agent_512,
